dataset,mechanism_group,horizon_class,view,learned_score,statistical_matched_n,statistical_score
HAHN1,cryogenic_thermal_expansion,post_1900_mechanism,0,0.15351273119449615,120,2.7086439342781268
HAHN1,cryogenic_thermal_expansion,post_1900_mechanism,1,0.1487143486738205,120,0.4485027346212056
HAHN1,cryogenic_thermal_expansion,post_1900_mechanism,2,0.14801199734210968,120,0.3910445341831742
HAHN1,cryogenic_thermal_expansion,post_1900_mechanism,3,0.1869346797466278,120,2.627195982920961
HAHN1,cryogenic_thermal_expansion,post_1900_mechanism,4,0.14041489362716675,120,3.0412797195988572
HAHN1,cryogenic_thermal_expansion,post_1900_mechanism,5,0.16375063359737396,120,2.5553473964777993
HAHN1,cryogenic_thermal_expansion,post_1900_mechanism,6,0.1763942390680313,120,2.792497648335997
HAHN1,cryogenic_thermal_expansion,post_1900_mechanism,7,0.19150790572166443,120,0.23008905592524237
BENNETT5,superconducting_flux_creep,post_1900_mechanism,0,0.03887840360403061,120,0.000685613613370365
BENNETT5,superconducting_flux_creep,post_1900_mechanism,1,0.04772736504673958,120,0.0012366561521779786
BENNETT5,superconducting_flux_creep,post_1900_mechanism,2,0.05298880487680435,120,0.0006684313324801323
BENNETT5,superconducting_flux_creep,post_1900_mechanism,3,0.04975394159555435,120,0.001608665240983743
BENNETT5,superconducting_flux_creep,post_1900_mechanism,4,0.029121195897459984,120,0.0017553941989475316
BENNETT5,superconducting_flux_creep,post_1900_mechanism,5,0.04071123152971268,120,0.0014113107155811987
BENNETT5,superconducting_flux_creep,post_1900_mechanism,6,0.05566105991601944,120,0.0009974589288269224
BENNETT5,superconducting_flux_creep,post_1900_mechanism,7,0.057171065360307693,120,0.0011402102240015484
BENNETT6,superconducting_flux_creep,post_1900_mechanism,0,0.06621678918600082,120,0.004327214741247712
BENNETT6,superconducting_flux_creep,post_1900_mechanism,1,0.05268171429634094,120,0.001808932227115843
BENNETT6,superconducting_flux_creep,post_1900_mechanism,2,0.05288603901863098,120,0.0010434752915951435
BENNETT6,superconducting_flux_creep,post_1900_mechanism,3,0.07379555702209473,120,0.00170459125280811
BENNETT6,superconducting_flux_creep,post_1900_mechanism,4,0.06378865987062454,120,0.017346047272471247
BENNETT6,superconducting_flux_creep,post_1900_mechanism,5,0.05915002152323723,120,0.004518940318779956
BENNETT6,superconducting_flux_creep,post_1900_mechanism,6,0.04560372978448868,120,0.002725099714573977
BENNETT6,superconducting_flux_creep,post_1900_mechanism,7,0.053541235625743866,120,0.01288979885198261
BENNETT7,superconducting_flux_creep,post_1900_mechanism,0,0.05139288306236267,120,0.050159038517490005
BENNETT7,superconducting_flux_creep,post_1900_mechanism,1,0.029309909790754318,120,0.042255893573148906
BENNETT7,superconducting_flux_creep,post_1900_mechanism,2,0.050100088119506836,120,0.06227075384374747
BENNETT7,superconducting_flux_creep,post_1900_mechanism,3,0.023828983306884766,120,0.05928773446572224
BENNETT7,superconducting_flux_creep,post_1900_mechanism,4,0.061113882809877396,120,0.02453147231224235
BENNETT7,superconducting_flux_creep,post_1900_mechanism,5,0.05156351253390312,120,0.054765239509200286
BENNETT7,superconducting_flux_creep,post_1900_mechanism,6,0.0480690598487854,120,0.018479547873346144
BENNETT7,superconducting_flux_creep,post_1900_mechanism,7,0.05431317165493965,120,0.03404102872968945
CLARK3,bose_gas_density,post_1900_mechanism,0,0.0467524528503418,120,12.789615791707508
CLARK3,bose_gas_density,post_1900_mechanism,1,0.12296082824468613,120,16.06314622440601
CLARK3,bose_gas_density,post_1900_mechanism,2,0.10196161270141602,120,14.548952245044743
CLARK3,bose_gas_density,post_1900_mechanism,3,0.15307290852069855,120,13.049008583753304
CLARK3,bose_gas_density,post_1900_mechanism,4,0.11025962978601456,120,12.81927563197265
CLARK3,bose_gas_density,post_1900_mechanism,5,0.04207613319158554,120,13.411215066316707
CLARK3,bose_gas_density,post_1900_mechanism,6,0.1602119356393814,120,14.778621566578389
CLARK3,bose_gas_density,post_1900_mechanism,7,0.07770397514104843,120,15.040178060355322
ROSZMAN1,rydberg_series,classical_or_metrology,0,0.15818102657794952,9,0.09767912177815836
ROSZMAN1,rydberg_series,classical_or_metrology,1,0.15686824917793274,9,0.06217501065240558
ROSZMAN1,rydberg_series,classical_or_metrology,2,0.15772375464439392,9,0.16783344654228777
ROSZMAN1,rydberg_series,classical_or_metrology,3,0.15818405151367188,9,0.06312967117428049
ROSZMAN1,rydberg_series,classical_or_metrology,4,0.15972889959812164,9,1.8936513409218454
ROSZMAN1,rydberg_series,classical_or_metrology,5,0.16959738731384277,9,1.0318621965068853
ROSZMAN1,rydberg_series,classical_or_metrology,6,0.15948982536792755,9,0.11567973442546942
ROSZMAN1,rydberg_series,classical_or_metrology,7,0.17075300216674805,9,1.4739559096380568
KIM,semiconductor_magnetotransport,post_1900_mechanism,0,0.12771576642990112,9,5.664021154528703
KIM,semiconductor_magnetotransport,post_1900_mechanism,1,0.12607376277446747,9,3.212405829208772
KIM,semiconductor_magnetotransport,post_1900_mechanism,2,0.10999144613742828,9,4.563235633876219
KIM,semiconductor_magnetotransport,post_1900_mechanism,3,0.08261488378047943,9,4.594464802082975
KIM,semiconductor_magnetotransport,post_1900_mechanism,4,0.11801532655954361,9,3.1847108214617506
KIM,semiconductor_magnetotransport,post_1900_mechanism,5,0.11498992145061493,9,4.41462244777231
KIM,semiconductor_magnetotransport,post_1900_mechanism,6,0.12347402423620224,9,2.897942618046303
KIM,semiconductor_magnetotransport,post_1900_mechanism,7,0.1369207203388214,9,4.915688074416577
THURBER,semiconductor_mobility,post_1900_mechanism,0,0.10022958368062973,9,2.362219317974829
THURBER,semiconductor_mobility,post_1900_mechanism,1,0.11079487949609756,9,1.874684226241206
THURBER,semiconductor_mobility,post_1900_mechanism,2,0.10967104136943817,9,4.571247146198955
THURBER,semiconductor_mobility,post_1900_mechanism,3,0.11179038137197495,9,11.71130631382072
THURBER,semiconductor_mobility,post_1900_mechanism,4,0.08937500417232513,9,3.8576453780622293
THURBER,semiconductor_mobility,post_1900_mechanism,5,0.09901364147663116,9,3.061893986433147
THURBER,semiconductor_mobility,post_1900_mechanism,6,0.08173756301403046,9,3.759347579104624
THURBER,semiconductor_mobility,post_1900_mechanism,7,0.1069256067276001,9,4.788243538233228
CHWIRUT1,ultrasonic_attenuation,classical_or_metrology,0,0.0879928469657898,120,0.4192021904361558
CHWIRUT1,ultrasonic_attenuation,classical_or_metrology,1,0.07290542125701904,120,1.0810520963079673
CHWIRUT1,ultrasonic_attenuation,classical_or_metrology,2,0.11486931145191193,120,1.5098300648733467
CHWIRUT1,ultrasonic_attenuation,classical_or_metrology,3,0.050343967974185944,120,1.1239250772081886
CHWIRUT1,ultrasonic_attenuation,classical_or_metrology,4,0.01624806597828865,120,0.4596974606112605
CHWIRUT1,ultrasonic_attenuation,classical_or_metrology,5,0.02828230895102024,120,0.6750063023863832
CHWIRUT1,ultrasonic_attenuation,classical_or_metrology,6,0.06882593035697937,120,0.3880704887403712
CHWIRUT1,ultrasonic_attenuation,classical_or_metrology,7,0.034262508153915405,120,0.7671819830438853
ECKERLE4,circular_interference,classical_or_metrology,0,0.06609994173049927,9,5.762395097290804
ECKERLE4,circular_interference,classical_or_metrology,1,0.06512011587619781,9,1.160137063224677
ECKERLE4,circular_interference,classical_or_metrology,2,0.062255002558231354,9,3.0276983472777568
ECKERLE4,circular_interference,classical_or_metrology,3,0.06190670281648636,9,1.2384090450013376
ECKERLE4,circular_interference,classical_or_metrology,4,0.0612049400806427,9,1.3864159249454957
ECKERLE4,circular_interference,classical_or_metrology,5,0.06378516554832458,9,2.3342503137151365
ECKERLE4,circular_interference,classical_or_metrology,6,0.06586604565382004,9,1.5585940044055562
ECKERLE4,circular_interference,classical_or_metrology,7,0.06171179935336113,9,3.679203650187531
PONTIUS,load_cell_elasticity,classical_or_metrology,0,0.019012700766324997,9,0.05685960976594257
PONTIUS,load_cell_elasticity,classical_or_metrology,1,0.01625647023320198,9,0.06536757816578964
PONTIUS,load_cell_elasticity,classical_or_metrology,2,0.013846921734511852,9,0.011622080380600145
PONTIUS,load_cell_elasticity,classical_or_metrology,3,0.01502408366650343,9,0.16426047814956546
PONTIUS,load_cell_elasticity,classical_or_metrology,4,0.01995599828660488,9,0.04372365874617599
PONTIUS,load_cell_elasticity,classical_or_metrology,5,0.01867801509797573,9,0.04352127812067923
PONTIUS,load_cell_elasticity,classical_or_metrology,6,0.020706702023744583,9,0.07596730054231662
PONTIUS,load_cell_elasticity,classical_or_metrology,7,0.01926044188439846,9,0.00912392326146719
KIRBY2,linewidth_standard,classical_or_metrology,0,0.03081563673913479,120,3.197319255652614
KIRBY2,linewidth_standard,classical_or_metrology,1,0.04139919951558113,120,3.342692696878114
KIRBY2,linewidth_standard,classical_or_metrology,2,0.028313839808106422,120,3.0904880253671903
KIRBY2,linewidth_standard,classical_or_metrology,3,0.06273038685321808,120,3.28924700240686
KIRBY2,linewidth_standard,classical_or_metrology,4,0.02205073833465576,120,3.462505119414078
KIRBY2,linewidth_standard,classical_or_metrology,5,0.02289697527885437,120,2.957342330115047
KIRBY2,linewidth_standard,classical_or_metrology,6,0.023593377321958542,120,3.2108622337202983
KIRBY2,linewidth_standard,classical_or_metrology,7,0.035968415439128876,120,3.1220947391607377
BERGER1,radiographic_defect_calibration,classical_or_metrology,0,0.018171316012740135,43,0.4211491155134468
BERGER1,radiographic_defect_calibration,classical_or_metrology,1,0.01730564795434475,43,0.9911943330140998
BERGER1,radiographic_defect_calibration,classical_or_metrology,2,0.020014440640807152,43,1.026710811322078
BERGER1,radiographic_defect_calibration,classical_or_metrology,3,0.012808198109269142,43,0.2018059326170853
BERGER1,radiographic_defect_calibration,classical_or_metrology,4,0.013908523134887218,43,0.2912202737135685
BERGER1,radiographic_defect_calibration,classical_or_metrology,5,0.013212025165557861,43,17.481703466487716
BERGER1,radiographic_defect_calibration,classical_or_metrology,6,0.014782512560486794,43,0.3655738941144461
BERGER1,radiographic_defect_calibration,classical_or_metrology,7,0.02281903102993965,43,0.710040011546797
CALIBRATIONLINE,optical_linewidth_calibration,classical_or_metrology,0,0.0032614469528198242,9,0.9571820780785659
CALIBRATIONLINE,optical_linewidth_calibration,classical_or_metrology,1,0.004430490545928478,9,0.40080623538211013
CALIBRATIONLINE,optical_linewidth_calibration,classical_or_metrology,2,0.007206618785858154,9,0.3810651436631246
CALIBRATIONLINE,optical_linewidth_calibration,classical_or_metrology,3,0.006937980651855469,9,0.1616111508724376
CALIBRATIONLINE,optical_linewidth_calibration,classical_or_metrology,4,0.007368254475295544,9,0.350195951861173
CALIBRATIONLINE,optical_linewidth_calibration,classical_or_metrology,5,0.0070095122791826725,9,1.2278095692213025
CALIBRATIONLINE,optical_linewidth_calibration,classical_or_metrology,6,0.004279708955436945,9,0.8435009899551115
CALIBRATIONLINE,optical_linewidth_calibration,classical_or_metrology,7,0.006814205553382635,9,0.20099340678428673
WATTODR3,polymer_impedance,classical_or_metrology,0,0.4128779470920563,9,0.471825882213941
WATTODR3,polymer_impedance,classical_or_metrology,1,0.4206452965736389,9,1.4373897097824568
WATTODR3,polymer_impedance,classical_or_metrology,2,0.42152634263038635,9,0.9438065418678458
WATTODR3,polymer_impedance,classical_or_metrology,3,0.424302339553833,9,1.6876205124783619
WATTODR3,polymer_impedance,classical_or_metrology,4,0.427251398563385,9,1.2051208182931354
WATTODR3,polymer_impedance,classical_or_metrology,5,0.41490650177001953,9,0.5694112465520693
WATTODR3,polymer_impedance,classical_or_metrology,6,0.4202794134616852,9,0.7733925763278842
WATTODR3,polymer_impedance,classical_or_metrology,7,0.4134923815727234,9,0.7942709902867339
DZIUBA1,standard_resistor_drift,classical_or_metrology,0,0.5043632984161377,120,0.03135183114535063
DZIUBA1,standard_resistor_drift,classical_or_metrology,1,0.4572542607784271,120,0.027115550173206708
DZIUBA1,standard_resistor_drift,classical_or_metrology,2,0.3638853132724762,120,0.04817847811869888
DZIUBA1,standard_resistor_drift,classical_or_metrology,3,0.4353824257850647,120,0.035787942426561664
DZIUBA1,standard_resistor_drift,classical_or_metrology,4,0.4138150215148926,120,0.02207762492583974
DZIUBA1,standard_resistor_drift,classical_or_metrology,5,0.41100558638572693,120,0.02434476883056439
DZIUBA1,standard_resistor_drift,classical_or_metrology,6,0.4125414788722992,120,0.027598672907522038
DZIUBA1,standard_resistor_drift,classical_or_metrology,7,0.4246203899383545,120,0.02329421887465828
